OBJECTID,DISTRICT,REP_NAME,REP_URL,EMAIL,IMAGE_URL,C_TRACT
1601,2,Councilmember Jim Waring,https://phoenix.gov/district2,https://www.phoenix.gov/district2/contact-district-2,https://www.phoenix.gov/content/dam/phoenix/mayorcouncilsite/mediaassets/Headshot_D2_Waring_2022_high_res.jpg,2
1602,3,Councilmember Debra Stark,https://phoenix.gov/district3,https://www.phoenix.gov/district3/contact-district-3,https://www.phoenix.gov/content/dam/phoenix/mayorcouncilsite/mediaassets/Headshot_D3_Stark_2022_high_res.jpg,3
1603,4,Councilmember Laura Pastor,https://phoenix.gov/district4,https://www.phoenix.gov/district4/contact-district-4,https://www.phoenix.gov/content/dam/phoenix/mayorcouncilsite/mediaassets/Headshot_Pastor__2000_high_res.jpg,4
1604,7,Councilmember Anna Hernandez,https://phoenix.gov/district7,https://www.phoenix.gov/district7/contact-district-7,"https://www.phoenix.gov/adobe/dynamicmedia/deliver/dm-aid--8b79116a-8228-48b8-9948-756383056adb/d7-headshot-anna-hernandez.jpg
",7
1605,6,Councilmember Kevin Robinson,https://phoenix.gov/district6,https://www.phoenix.gov/district6/contact-district-6,https://www.phoenix.gov/content/dam/phoenix/mayorcouncilsite/mediaassets/Headshot_D6_Councilman_Kevin_Robinson_high_res.jpg,6
1606,8,Councilmember Kesha Hodge Washington,https://phoenix.gov/district8,https://www.phoenix.gov/district8/contact-district-8,https://www.phoenix.gov/content/dam/phoenix/mayorcouncilsite/mediaassets/Headshot_D8_Councilwoman_Hodge_Washington_high_res.jpg,8
1607,5,Councilmember Betty Guardado,https://phoenix.gov/district5,https://www.phoenix.gov/district5/contact-district-5,https://www.phoenix.gov/content/dam/phoenix/mayorcouncilsite/mediaassets/Headshot_D5_Guardado_high_res.jpg,5
1608,1,Vice Mayor Ann O'Brien,https://phoenix.gov/district1,https://www.phoenix.gov/district1/contact-district-1,https://www.phoenix.gov/content/dam/phoenix/mayorcouncilsite/mediaassets/Headshot_D1_OBrien_2022_high_res.jpg,1
